INSERT INTO auth.users (instance_id,id,aud,role,email,encrypted_password,email_confirmed_at,invited_at,confirmation_token,confirmation_sent_at,recovery_token,recovery_sent_at,email_change_token_new,email_change,email_change_sent_at,last_sign_in_at,raw_app_meta_data,raw_user_meta_data,is_super_admin,created_at,updated_at,phone,phone_confirmed_at,phone_change,phone_change_token,phone_change_sent_at,email_change_token_current,email_change_confirm_status,banned_until,reauthentication_token,reauthentication_sent_at,is_sso_user,deleted_at,is_anonymous) VALUES ('3dcce8b2-d93e-5155-9a50-a529057e4a9a', 'b77f5aac-8f78-47a3-8a56-a52fa7363bee', 'user44444@domain.io', 'Geologist', 'danexample@gmail.com', '$2a$10$zefh5Jv7MWpgb5NVucKGgel/NZPpBObTXz7qv0EswwoQb9ZR5q9Va', '2020-02-10T13:34:50.000Z', '2020-03-07T03:00:57.000Z', 'f71ecf95-7766-52eb-9128-7f41ba94a019', '2020-12-28T11:35:00.000Z', '0911f256-347e-5563-a9fc-69f423a36eab', '2020-01-09T00:49:11.000Z', '9f126563-dfc1-5d22-acf4-882145eb1257', 'true', '2020-10-02T09:19:38.000Z', '2020-08-16T19:13:05.000Z', '{"Dolorum":"Inor placet si"}', '{"Ulere":"Docti es saturei"}', 't', '2020-06-06T05:41:47.000Z', '2020-03-11T02:10:13.000Z', DEFAULT, '2020-03-11T02:53:19.000Z', DEFAULT, DEFAULT, '2020-12-24T11:30:02.000Z', DEFAULT, DEFAULT, '2020-06-10T05:08:46.000Z', DEFAULT, '2020-06-26T17:49:35.000Z', DEFAULT, '2020-03-23T14:25:27.000Z', DEFAULT), ('6e9ec33d-2e0a-5b02-8e2d-f0d1c5040b5f', '11bd719b-8370-4c7b-b4d0-d3463c61a72f', 'developer_kim@web.io', 'QuantumMechanic', 'sabrinatest@mail.com', '$2a$10$hD4pRadLBGkQ8F72EVv2L.F6PG/x5GYCGwPluOpkYKXz0MzEy5P4S', '2020-02-26T13:38:22.000Z', '2020-03-23T14:40:28.000Z', '125814ea-e205-5ab0-b3ad-a5495eae6164', '2020-10-18T22:13:30.000Z', 'a822594c-6232-5b8c-8c4b-426764390c47', '2020-09-25T08:22:24.000Z', '32f44ed3-52e3-5b33-9a2c-cd7f7a2b61fd', 'false', '2020-06-18T17:21:57.000Z', '2020-03-27T14:58:22.000Z', '{"Ali":"Tentiae est"}', '{"Recte":"Aequo faciturnit physici"}', 't', '2020-01-17T12:52:35.000Z', '2020-05-25T17:01:44.000Z', DEFAULT, '2020-07-19T18:13:25.000Z', DEFAULT, DEFAULT, '2020-06-22T05:10:29.000Z', DEFAULT, DEFAULT, '2020-04-04T15:27:18.000Z', DEFAULT, '2020-06-06T17:32:29.000Z', DEFAULT, '2020-08-12T20:00:19.000Z', DEFAULT);
INSERT INTO public.goals (id,created_at,title,owner) VALUES ('ddfb17f4-d9ea-5202-8259-3843802c9d64', DEFAULT, 'Start a Pet Grooming Business', 'b77f5aac-8f78-47a3-8a56-a52fa7363bee'), ('bd62bcfe-0e04-5c16-9544-7115c79685cf', DEFAULT, 'Get a Heavy Vehicle License', 'b77f5aac-8f78-47a3-8a56-a52fa7363bee'), ('1bedbb64-39c7-5b18-aef8-4909cb932ced', DEFAULT, 'Learn to Play the Saxophone', 'b77f5aac-8f78-47a3-8a56-a52fa7363bee'), ('c6bc93fa-5d85-5dd8-a72b-2bcd7b3dd3e5', DEFAULT, 'Start a Graphic Design Business', 'b77f5aac-8f78-47a3-8a56-a52fa7363bee'), ('b6c32f45-006b-5b1b-87bf-d457c9817a5c', DEFAULT, 'Start a Flower Arrangement Business', 'b77f5aac-8f78-47a3-8a56-a52fa7363bee'), ('869d9b8e-2fd6-5dae-ba01-6c775f51c11b', DEFAULT, 'Start a Home Decor Business', 'b77f5aac-8f78-47a3-8a56-a52fa7363bee'), ('948cc2d5-2974-5db3-9d86-cd1ab98bd1f9', DEFAULT, 'Learn to Make Furniture', 'b77f5aac-8f78-47a3-8a56-a52fa7363bee'), ('a99d99f8-bb29-53e8-baf4-b7c03b97d331', DEFAULT, 'Learn to Make Furniture', 'b77f5aac-8f78-47a3-8a56-a52fa7363bee'), ('1fa8da8e-6b20-529a-abeb-109c23d3db5b', DEFAULT, 'Start a Graphic Design Business', '11bd719b-8370-4c7b-b4d0-d3463c61a72f'), ('aa91b605-8931-5853-8e6d-ad3ab7162d6c', DEFAULT, 'Start a Flower Arrangement Business', '11bd719b-8370-4c7b-b4d0-d3463c61a72f'), ('72cf0051-e66d-5807-adcc-5d719218c15e', DEFAULT, 'Start a Charity Organization', '11bd719b-8370-4c7b-b4d0-d3463c61a72f'), ('7e8a056f-c033-5aae-88fb-b8c0ee024b66', DEFAULT, 'Start a Language Translation Service', '11bd719b-8370-4c7b-b4d0-d3463c61a72f'), ('55533d96-b8ca-51b8-a791-4cd564e8cb9b', DEFAULT, 'Get a Commercial Pilot''s License', '11bd719b-8370-4c7b-b4d0-d3463c61a72f');
INSERT INTO public.share_records (id,created_at,viewer,goal) VALUES ('4c66d13f-8e29-5ec5-bc62-a0e4852435b2', DEFAULT, '11bd719b-8370-4c7b-b4d0-d3463c61a72f', 'ddfb17f4-d9ea-5202-8259-3843802c9d64'), ('ae1ffcf2-fa88-5359-ab9c-9cdb3b9e7c2e', DEFAULT, '11bd719b-8370-4c7b-b4d0-d3463c61a72f', 'bd62bcfe-0e04-5c16-9544-7115c79685cf'), ('f01203c0-c969-53d8-8030-3c279395eb4d', DEFAULT, '11bd719b-8370-4c7b-b4d0-d3463c61a72f', '1bedbb64-39c7-5b18-aef8-4909cb932ced'), ('bb06433c-db72-57c7-a1e4-c71fcaa935c7', DEFAULT, '11bd719b-8370-4c7b-b4d0-d3463c61a72f', 'c6bc93fa-5d85-5dd8-a72b-2bcd7b3dd3e5'), ('28e0d6d1-6401-550a-a73d-a0671700b985', DEFAULT, '11bd719b-8370-4c7b-b4d0-d3463c61a72f', 'b6c32f45-006b-5b1b-87bf-d457c9817a5c'), ('f1ab4f27-25a9-5ed2-860b-f5a20fecd39f', DEFAULT, '11bd719b-8370-4c7b-b4d0-d3463c61a72f', '869d9b8e-2fd6-5dae-ba01-6c775f51c11b'), ('affba1ac-b0a6-50bf-85a5-b1b570211696', DEFAULT, '11bd719b-8370-4c7b-b4d0-d3463c61a72f', '948cc2d5-2974-5db3-9d86-cd1ab98bd1f9'), ('2aedf1d3-598a-5c82-9cab-16830150955f', DEFAULT, '11bd719b-8370-4c7b-b4d0-d3463c61a72f', 'a99d99f8-bb29-53e8-baf4-b7c03b97d331');
INSERT INTO public.share_responses (id,created_at,share_record,accepted) VALUES ('0953ef1f-341a-587e-9a62-026d32dc524a', DEFAULT, '4c66d13f-8e29-5ec5-bc62-a0e4852435b2', 'f'), ('6cc4e103-e727-5b1e-93a8-c4dc634d1ec1', DEFAULT, 'ae1ffcf2-fa88-5359-ab9c-9cdb3b9e7c2e', 'f'), ('995c3ce7-e194-57e5-83f0-a13b85f9d152', DEFAULT, 'f01203c0-c969-53d8-8030-3c279395eb4d', 't'), ('1e4410ef-adc3-5e95-ab38-9e7585a7c395', DEFAULT, 'bb06433c-db72-57c7-a1e4-c71fcaa935c7', 'f'), ('26541f87-eb31-5cef-87fb-a388bc01f7f1', DEFAULT, '28e0d6d1-6401-550a-a73d-a0671700b985', 't'), ('db019816-56e6-5fd6-aa33-4f53c2aef09f', DEFAULT, 'f1ab4f27-25a9-5ed2-860b-f5a20fecd39f', 'f'), ('871466c4-898a-568d-a1d0-fd274e867e43', DEFAULT, 'affba1ac-b0a6-50bf-85a5-b1b570211696', 't'), ('3609c818-1007-5b0c-889e-20ab6717efdf', DEFAULT, '2aedf1d3-598a-5c82-9cab-16830150955f', 't');
INSERT INTO public.entries (created_at,date,text_content,goal,checked,id) VALUES (DEFAULT, DEFAULT, 'Anyone else feeling excited for the upcoming summer vacation?', 'ddfb17f4-d9ea-5202-8259-3843802c9d64', DEFAULT, '1e7f881b-8e51-5cc4-8301-6c13e547f813'), (DEFAULT, DEFAULT, 'Just started a new mindfulness practice and I''m loving the calmness!', 'ddfb17f4-d9ea-5202-8259-3843802c9d64', DEFAULT, '2d045745-3b31-5272-8988-9b601b99473c'), (DEFAULT, DEFAULT, 'Just completed a challenging hike and I''m feeling proud!', 'ddfb17f4-d9ea-5202-8259-3843802c9d64', DEFAULT, '2ae1870e-e031-506f-907a-4b0dd2e346d2'), (DEFAULT, DEFAULT, 'Who else is excited for the upcoming sporting event?', 'ddfb17f4-d9ea-5202-8259-3843802c9d64', DEFAULT, 'c6a3b4c0-b0d4-51f1-9739-80d7f43c73b0'), (DEFAULT, DEFAULT, 'Feeling inspired after watching a beautiful sunset!', 'ddfb17f4-d9ea-5202-8259-3843802c9d64', DEFAULT, '69135117-3115-59f2-85a3-d1254c754b8f'), (DEFAULT, DEFAULT, 'Anyone else feeling excited for the upcoming summer vacation?', 'bd62bcfe-0e04-5c16-9544-7115c79685cf', DEFAULT, '79ff03d6-0765-568d-987f-70fcf8ecdf8c'), (DEFAULT, DEFAULT, 'Just completed a difficult task and I''m feeling accomplished!', 'bd62bcfe-0e04-5c16-9544-7115c79685cf', DEFAULT, 'd2f1be0a-89a1-5348-bc09-c0163d44aaad'), (DEFAULT, DEFAULT, 'Feeling grateful for the support of my friends and family!', 'bd62bcfe-0e04-5c16-9544-7115c79685cf', DEFAULT, 'c0945665-e411-5938-a23d-d53382073d3b'), (DEFAULT, DEFAULT, 'Looking for recommendations for a good coffee shop to try.', 'bd62bcfe-0e04-5c16-9544-7115c79685cf', DEFAULT, '2f63f997-a6e2-5529-898c-386aed8adfec'), (DEFAULT, DEFAULT, 'Anyone else trying out a new recipe and experimenting with new flavors?', 'bd62bcfe-0e04-5c16-9544-7115c79685cf', DEFAULT, 'feb012d9-482a-5384-9272-27c3e3a00c26'), (DEFAULT, DEFAULT, 'Anyone else trying out a new recipe and experimenting with new flavors?', '1bedbb64-39c7-5b18-aef8-4909cb932ced', DEFAULT, '4b777101-7448-5e7b-a4f1-9fb78d2f46ed'), (DEFAULT, DEFAULT, 'Excited to announce that I''ll be participating in a marathon soon!', '1bedbb64-39c7-5b18-aef8-4909cb932ced', DEFAULT, '9a710769-2b47-5342-aaf5-325abaa6a727'), (DEFAULT, DEFAULT, 'Looking for advice on how to improve my photography skills.', '1bedbb64-39c7-5b18-aef8-4909cb932ced', DEFAULT, '149fe236-b33d-5749-9009-33f740b2c7b6'), (DEFAULT, DEFAULT, 'Who else is excited for the upcoming outdoor adventure?', '1bedbb64-39c7-5b18-aef8-4909cb932ced', DEFAULT, '421d389c-d27b-5fa1-8d81-d9649df42d12'), (DEFAULT, DEFAULT, 'Feeling grateful for the opportunity to attend a music festival this weekend!', '1bedbb64-39c7-5b18-aef8-4909cb932ced', DEFAULT, '2323991d-758f-5239-86ee-1f82b30f7a9d'), (DEFAULT, DEFAULT, 'Looking for advice on how to improve my photography skills.', 'c6bc93fa-5d85-5dd8-a72b-2bcd7b3dd3e5', DEFAULT, '28c75cd5-af09-5631-b351-5acf97e7daa5'), (DEFAULT, DEFAULT, 'Just finished a delicious homemade dinner and I''m feeling satisfied!', 'c6bc93fa-5d85-5dd8-a72b-2bcd7b3dd3e5', DEFAULT, '6efe7e7d-37d6-55ab-99e9-ac1ed7a540e0'), (DEFAULT, DEFAULT, 'Anyone else trying out a new language exchange program?', 'c6bc93fa-5d85-5dd8-a72b-2bcd7b3dd3e5', DEFAULT, 'fd526753-16f3-5d44-b61e-f43d3bc6bfea'), (DEFAULT, DEFAULT, 'Who else is excited for the upcoming outdoor adventure?', 'c6bc93fa-5d85-5dd8-a72b-2bcd7b3dd3e5', DEFAULT, '51f04a3d-c801-5cae-9f46-628e84c35c86'), (DEFAULT, DEFAULT, 'Feeling grateful for the opportunity to travel and explore new cultures!', 'c6bc93fa-5d85-5dd8-a72b-2bcd7b3dd3e5', DEFAULT, '5c490d6a-a56f-5594-b7f4-6897077f83cd'), (DEFAULT, DEFAULT, 'Excited to announce that I''ll be launching a new product soon!', 'b6c32f45-006b-5b1b-87bf-d457c9817a5c', DEFAULT, 'af69b57e-aff0-5904-a467-86fd54d54e6f'), (DEFAULT, DEFAULT, 'Who else is excited for the upcoming sporting event?', 'b6c32f45-006b-5b1b-87bf-d457c9817a5c', DEFAULT, 'd68d8833-2639-597d-ac52-aa5ec42ed79c'), (DEFAULT, DEFAULT, 'Anyone else feeling excited for the upcoming summer vacation?', 'b6c32f45-006b-5b1b-87bf-d457c9817a5c', DEFAULT, '3d338c52-5275-597f-9c31-a06d8510a4fe'), (DEFAULT, DEFAULT, 'Who else is excited for the upcoming holiday party?', 'b6c32f45-006b-5b1b-87bf-d457c9817a5c', DEFAULT, '83eec0df-a7a9-597c-89a4-fff7be496fd7'), (DEFAULT, DEFAULT, 'Just started a new DIY project and I''m loving the creative process!', 'b6c32f45-006b-5b1b-87bf-d457c9817a5c', DEFAULT, '7f30d170-95b7-5748-87fb-7da9c0006a2e'), (DEFAULT, DEFAULT, 'Who else is excited for the upcoming outdoor adventure?', '869d9b8e-2fd6-5dae-ba01-6c775f51c11b', DEFAULT, '9d897a39-49be-5b60-80fe-3863b2e05b83'), (DEFAULT, DEFAULT, 'Feeling grateful for the opportunity to attend a music festival this weekend!', '869d9b8e-2fd6-5dae-ba01-6c775f51c11b', DEFAULT, '0d7dcafe-b160-52fb-a8ed-aef25da0c01b'), (DEFAULT, DEFAULT, 'Just completed a challenging hike and I''m feeling proud!', '869d9b8e-2fd6-5dae-ba01-6c775f51c11b', DEFAULT, '60babfad-14f1-5744-9a15-7c06e2cec5b6'), (DEFAULT, DEFAULT, 'Feeling inspired after attending a seminar on personal growth!', '869d9b8e-2fd6-5dae-ba01-6c775f51c11b', DEFAULT, '5c77987f-453f-52d3-bdda-eb5d886df46b'), (DEFAULT, DEFAULT, 'Just started a new DIY project and I''m loving the creative process!', '869d9b8e-2fd6-5dae-ba01-6c775f51c11b', DEFAULT, 'ab0ea780-a851-5685-a0be-81b517b0535a'), (DEFAULT, DEFAULT, 'Feeling grateful for the opportunity to attend a music festival this weekend!', '948cc2d5-2974-5db3-9d86-cd1ab98bd1f9', DEFAULT, 'd44e38a0-3a6b-5b77-8156-c1881a0c3048'), (DEFAULT, DEFAULT, 'Just finished a great art class and I''m feeling creative!', '948cc2d5-2974-5db3-9d86-cd1ab98bd1f9', DEFAULT, 'e42a214d-9f1b-5dc5-ade0-4a015d49e3a6'), (DEFAULT, DEFAULT, 'Feeling inspired after reading a motivational article!', '948cc2d5-2974-5db3-9d86-cd1ab98bd1f9', DEFAULT, '6e8a0b35-9461-5eaa-a33a-d96a9d81c7ad'), (DEFAULT, DEFAULT, 'Just finished a great art class and I''m feeling creative!', '948cc2d5-2974-5db3-9d86-cd1ab98bd1f9', DEFAULT, '16424a5a-a7a3-573c-a325-b6b5600fafa0'), (DEFAULT, DEFAULT, 'Just finished a delicious homemade dinner and I''m feeling satisfied!', '948cc2d5-2974-5db3-9d86-cd1ab98bd1f9', DEFAULT, '6bd302a8-791f-5f4d-b72d-1e081d4305de'), (DEFAULT, DEFAULT, 'Excited to announce that I''ll be launching a new product soon!', 'a99d99f8-bb29-53e8-baf4-b7c03b97d331', DEFAULT, 'a1bcf5a5-ef70-5201-a498-6909d331c290'), (DEFAULT, DEFAULT, 'Who else is excited for the upcoming concert?', 'a99d99f8-bb29-53e8-baf4-b7c03b97d331', DEFAULT, '375c7bc9-3317-56b3-b262-28eec46373f0'), (DEFAULT, DEFAULT, 'Looking for recommendations for a good TV show to binge-watch.', 'a99d99f8-bb29-53e8-baf4-b7c03b97d331', DEFAULT, '25d7cb1e-0433-5cdb-87a6-8640201ae119'), (DEFAULT, DEFAULT, 'Who else is excited for the upcoming holiday party?', 'a99d99f8-bb29-53e8-baf4-b7c03b97d331', DEFAULT, '4d972968-e6f8-5bbe-ac1b-753203e602a1'), (DEFAULT, DEFAULT, 'Feeling inspired after watching a beautiful sunset!', 'a99d99f8-bb29-53e8-baf4-b7c03b97d331', DEFAULT, '2f69ed24-f785-56de-93de-963be845eca2'), (DEFAULT, DEFAULT, 'Feeling inspired after reading a motivational article!', '1fa8da8e-6b20-529a-abeb-109c23d3db5b', DEFAULT, 'b8077c48-35b3-584e-81cd-8715fe46bbd8'), (DEFAULT, DEFAULT, 'Anyone else trying out a new cooking technique?', '1fa8da8e-6b20-529a-abeb-109c23d3db5b', DEFAULT, '3b23205f-1c87-55e8-bad0-14ece18060a7'), (DEFAULT, DEFAULT, 'Looking for advice on how to stay motivated and focused!', '1fa8da8e-6b20-529a-abeb-109c23d3db5b', DEFAULT, '53c0315c-e445-537a-b501-77c18758a861'), (DEFAULT, DEFAULT, 'Who else is excited for the upcoming outdoor adventure?', '1fa8da8e-6b20-529a-abeb-109c23d3db5b', DEFAULT, 'd1aa2a59-1d85-505f-bddd-42240d6b1998'), (DEFAULT, DEFAULT, 'Who else is excited for the upcoming holiday weekend?', '1fa8da8e-6b20-529a-abeb-109c23d3db5b', DEFAULT, '79cf01f4-7bf2-5fc0-bbfc-d05658b39c18'), (DEFAULT, DEFAULT, 'Just completed a challenging hike and I''m feeling proud!', 'aa91b605-8931-5853-8e6d-ad3ab7162d6c', DEFAULT, '961c81bc-d283-57fb-91cb-83f81d7784cc'), (DEFAULT, DEFAULT, 'Feeling grateful for the support of my online community!', 'aa91b605-8931-5853-8e6d-ad3ab7162d6c', DEFAULT, 'cb638afa-1986-5472-a828-0a05015619d8'), (DEFAULT, DEFAULT, 'Just started a new DIY project and I''m loving the creative process!', 'aa91b605-8931-5853-8e6d-ad3ab7162d6c', DEFAULT, 'f4a66235-8ad7-5922-8670-2ba149961320'), (DEFAULT, DEFAULT, 'Just finished a relaxing morning yoga session and I''m feeling centered!', 'aa91b605-8931-5853-8e6d-ad3ab7162d6c', DEFAULT, '69b05b07-1be7-5b0c-8b96-5bf4576aeb68'), (DEFAULT, DEFAULT, 'Feeling inspired after attending a seminar on personal growth!', 'aa91b605-8931-5853-8e6d-ad3ab7162d6c', DEFAULT, '4a4445e1-84b4-5e13-96f4-20c6869dcbcf'), (DEFAULT, DEFAULT, 'Anyone else trying out a new language exchange program?', '72cf0051-e66d-5807-adcc-5d719218c15e', DEFAULT, 'f365e267-5ee8-57b8-98d3-db6f65b50d94'), (DEFAULT, DEFAULT, 'Anyone else trying out a new language exchange program?', '72cf0051-e66d-5807-adcc-5d719218c15e', DEFAULT, '7a1f098b-2279-5a84-95b5-7deae23f7652'), (DEFAULT, DEFAULT, 'Just finished a relaxing morning yoga session and I''m feeling centered!', '72cf0051-e66d-5807-adcc-5d719218c15e', DEFAULT, '14752177-26cb-5543-89c8-75aa6d58c656'), (DEFAULT, DEFAULT, 'Just finished a great art class and I''m feeling creative!', '72cf0051-e66d-5807-adcc-5d719218c15e', DEFAULT, 'b7c1af7d-e292-55e8-8363-069f41aa008f'), (DEFAULT, DEFAULT, 'Just completed a challenging hike and I''m feeling proud!', '72cf0051-e66d-5807-adcc-5d719218c15e', DEFAULT, 'dba2ca1b-f36d-5506-938e-99a33967c175'), (DEFAULT, DEFAULT, 'Just completed a challenging workout and I''m feeling empowered!', '7e8a056f-c033-5aae-88fb-b8c0ee024b66', DEFAULT, '867b11d2-956e-5587-8a2f-43f5b1571742'), (DEFAULT, DEFAULT, 'Just completed a challenging workout and I''m feeling empowered!', '7e8a056f-c033-5aae-88fb-b8c0ee024b66', DEFAULT, 'debc2ca2-a700-58f1-9137-15d16a80cc9a'), (DEFAULT, DEFAULT, 'Just completed a difficult task and I''m feeling accomplished!', '7e8a056f-c033-5aae-88fb-b8c0ee024b66', DEFAULT, 'c17644d3-5dd3-5714-8b61-7d19f196fabc'), (DEFAULT, DEFAULT, 'Just started a new DIY project and I''m loving the creative process!', '7e8a056f-c033-5aae-88fb-b8c0ee024b66', DEFAULT, 'a669485d-f855-5da6-ab07-5bb7382bc425'), (DEFAULT, DEFAULT, 'Feeling grateful for the support of my online community!', '7e8a056f-c033-5aae-88fb-b8c0ee024b66', DEFAULT, 'ba357c88-7db0-5d36-997c-7cacfe18d580'), (DEFAULT, DEFAULT, 'Looking for advice on how to stay motivated and focused!', '55533d96-b8ca-51b8-a791-4cd564e8cb9b', DEFAULT, 'd1b99ba4-724e-5e77-babe-c9b56803e462'), (DEFAULT, DEFAULT, 'Excited to announce that I''ll be launching a new product soon!', '55533d96-b8ca-51b8-a791-4cd564e8cb9b', DEFAULT, 'a8228812-3c38-570c-98f2-d80238401c7c'), (DEFAULT, DEFAULT, 'Who else is excited for the upcoming sporting event?', '55533d96-b8ca-51b8-a791-4cd564e8cb9b', DEFAULT, 'd8023f70-06d0-58bb-9c41-7c3a4fac66e7'), (DEFAULT, DEFAULT, 'Anyone else trying out a new language exchange program?', '55533d96-b8ca-51b8-a791-4cd564e8cb9b', DEFAULT, '18ff53a6-d736-53e7-9d30-3243c559c574'), (DEFAULT, DEFAULT, 'Looking for recommendations for a good TV show to binge-watch.', '55533d96-b8ca-51b8-a791-4cd564e8cb9b', DEFAULT, '762c2b50-cb29-594c-a777-78390f50eb13');
